<?xml version="1.0"?>
<config xmlns:xsi="http://www.w3.org/2001/XMLSchema-instance" xsi:noNamespaceSchemaLocation="urn:magento:framework:ObjectManager/etc/config.xsd">
   
    <virtualType name="Rocktechnolab\Enquiry\Model\ResourceModel\Enquiry\Enquiry\Collection" type="Magento\Framework\View\Element\UiComponent\DataProvider\SearchResult">
        <arguments>
            <argument name="mainTable" xsi:type="string">enquiry</argument>
            <argument name="resourceModel" xsi:type="string">Rocktechnolab\Enquiry\Model\ResourceModel\Enquiry</argument>
        </arguments>
    </virtualType>
    <type name="Magento\Framework\View\Element\UiComponent\DataProvider\CollectionFactory">
        <arguments>
            <argument name="collections" xsi:type="array">
                <item name="grid_record_grid_list_data_source" xsi:type="string">Rocktechnolab\Enquiry\Model\ResourceModel\Enquiry\Enquiry\Collection</item>
            </argument>
        </arguments>
    </type>    
</config>
