<?xml version="1.0"?>
<config xmlns:xsi="http://www.w3.org/2001/XMLSchema-instance" xsi:noNamespaceSchemaLocation="urn:magento:module:Magento_Config:etc/system_file.xsd">
    <system>
    	<tab id="enquiry" translate="label" sortOrder="500">
	        <label>Rocktechnolab</label>
	    </tab>
        <section id="enquiry" translate="label" sortOrder="150" showInDefault="1" showInWebsite="1" showInStore="1">
        	<class>separator-top</class>
            <label>Rocktechnolab Enquiry</label>
            <tab>enquiry</tab>
            <resource>Rocktechnolab_Enquiry::configuration</resource>
            <group id="general" translate="label" type="text" sortOrder="10" showInDefault="1" showInWebsite="0" showInStore="0">
                <label>Configuration</label>
                <field id="enable" translate="label" type="select" sortOrder="1" showInDefault="1" showInWebsite="0" showInStore="0">
                    <label>Enable Module</label>
                    <source_model>Magento\Config\Model\Config\Source\Enabledisable</source_model>
                </field>
            </group>
        </section>
    </system>
</config>